<?xml version="1.0" encoding="UTF-8" standalone="yes"?>
<addon id="plugin.video.azn.mediafamily" name="AznMediaFamily" version="1.0.0" provider-name="AznMedia">
	<requires>
		<import addon="script.module.httplib2" version="0.1" />
	</requires>
	<extension point="xbmc.python.pluginsource" library="aznmediafamily.py">
		<provides>video</provides>
	</extension>
	<extension point="xbmc.service" library="autostart.py" start="startup">
	</extension>
	<extension point="xbmc.addon.metadata">
		<summary>All the best from AznMediaFamily.</summary>
		<description>
- Enjoy the best live TV and shows from various sources and other popular add-ons.
[COLOR magenta]- Thưởng thức truyền hình trực tiếp và các chương trình hay nhất từ các nguồn và add-ons phổ biến.[/COLOR]
		</description>
		<disclaimer>
- The author does not host or distribute any of the content displayed by this add-on.
[COLOR magenta]- Tác giả không lưu trữ hoặc phân phối bất kỳ nội dung có trong add-on này.[/COLOR]
		</disclaimer>
		<platform>all</platform>
	</extension>
</addon>