<?xml version="1.0" encoding="UTF-8" standalone="yes"?>
<addon id="plugin.video.ConfluenceVideoTab" name="[COLOR yellow][B]Confluence's VIDEOS Tab[/B][/COLOR]" version="0.0.1" provider-name="AznMedia">
	<requires>
	</requires>
	<extension point="xbmc.python.pluginsource" library="videotab.py">
		<provides>video</provides>
	</extension>
	<extension point="xbmc.addon.metadata">
		<summary>Make Confluence startup in VIDEOS tab</summary>
		<description>Change default focus in Confluence skin in Kodi 17.x to VIDEOS tab when only 3 tabs are visible: VIDEOS, PROGRAMS, SYSTEM.</description>
		<source>
			https://kodi.tv/addons
			http://kodi.wiki/view/Official_add-on_repository
			http://kodi.wiki/view/HOW-TO:Edit_the_home_screen_skin_files
			http://mirrors.kodi.tv/addons/krypton/skin.confluence/skin.confluence-3.1.43.zip
		</source>
		<platform>all</platform>
	</extension>
</addon>