<?xml version="1.0" encoding="UTF-8" standalone="yes"?>

<addons_info>

<title>vietmediaF</title>
<link>http://repo.kodi.vn/00-VMFrepo/repository.vietmedia</link>
<RegEx>"repository.vietmedia-(.+?).zip"</RegEx>
<repo_id>repository.vietmedia</repo_id>
<repo_name>VietMedia Add-ons</repo_name>
<addon_id>plugin.video.vietmediaF</addon_id>
<addon_name>[B]VietMediaF[/B]</addon_name>

<title>xshare</title>
<link>https://github.com/thaitni/xbmc.repo.xshare/raw/master/xbmc.repo.xshare</link>
<RegEx>title="xbmc.repo.xshare-(.+?).zip"</RegEx>
<repo_id>xbmc.repo.xshare</repo_id>
<repo_name>[COLOR red][B]Xshare[/COLOR] [COLOR blue]Repository[/B][/COLOR]</repo_name>
<addon_id>plugin.video.xshare</addon_id>
<addon_name>[COLOR red][B]Xshare[/COLOR] [COLOR green]XBMC[/COLOR] [COLOR blue]HDVideo[/B][/COLOR]</addon_name>

<title>xshare.tiny</title>
<link>https://github.com/thaitni/xbmc.repo.xshare/raw/master/xbmc.repo.xshare</link>
<RegEx>title="xbmc.repo.xshare-(.+?).zip"</RegEx>
<repo_id>xbmc.repo.xshare</repo_id>
<repo_name>[COLOR red][B]Xshare[/COLOR] [COLOR blue]Repository[/B][/COLOR]</repo_name>
<addon_id>plugin.video.xshare.tiny</addon_id>
<addon_name>[COLOR red][B]Xshare[/COLOR] [COLOR gold]tiny[/COLOR]-[COLOR green]XBMC[/COLOR] [COLOR blue]HD Video[/B][/COLOR]</addon_name>

<title>service.subtitles.xshare</title>
<link>https://github.com/thaitni/xbmc.repo.xshare/raw/master/xbmc.repo.xshare</link>
<RegEx>title="xbmc.repo.xshare-(.+?).zip"</RegEx>
<repo_id>xbmc.repo.xshare</repo_id>
<repo_name>[COLOR red][B]Xshare[/COLOR] [COLOR blue]Repository[/B][/COLOR]</repo_name>
<addon_id>service.subtitles.xshare</addon_id>
<addon_name>[COLOR red][B]xshare[/COLOR] [COLOR blue]subtitles[/B][/COLOR]</addon_name>

<title>thongld.vnplaylist</title>
<link>http://thong.viettv24.com/kodi4vn/addons.xml</link>
<RegEx>id="repository.kodi4vn" name=".+?" version="(.+?)"</RegEx>
<repo_id>repository.kodi4vn</repo_id>
<repo_name>Kodi4VN's REPO</repo_name>
<addon_id>plugin.video.thongld.vnplaylist</addon_id>
<addon_name>**[COLOR yellow]VN Open Playlist[/COLOR]</addon_name>

<title>kodi4vn.launcher</title>
<link>http://thong.viettv24.com/kodi4vn/addons.xml</link>
<RegEx>id="repository.kodi4vn" name=".+?" version="(.+?)"</RegEx>
<repo_id>repository.kodi4vn</repo_id>
<repo_name>Kodi4VN's REPO</repo_name>
<addon_id>plugin.video.kodi4vn.launcher</addon_id>
<addon_name>**[COLOR yellow]Kodi4VN Launcher[/COLOR]</addon_name>

<title>HieuHien.vn</title>
<link>https://github.com/hieuhienvn/hieuhien.vn/raw/master/zips/repository.hieuhien.vn</link>
<RegEx>title="repository.hieuhien.vn-(.+?).zip"</RegEx>
<repo_id>repository.hieuhien.vn</repo_id>
<repo_name>[B][COLOR lime]Hieuhien.vn Repository[/COLOR][/B]</repo_name>
<addon_id>plugin.video.HieuHien.vn</addon_id>
<addon_name>[B][COLOR lime]Trung tâm giải trí[/COLOR][/B]</addon_name>

<title>itvplus</title>
<link>http://xbmc.itvplus.net/REPO/addons.xml</link>
<RegEx>id="repository.itvplus"name=".+?"version="(.+?)"</RegEx>
<repo_id>repository.itvplus</repo_id>
<repo_name>[COLOR ffff0000]ITVPLUS[/COLOR] Repository</repo_name>
<addon_id>plugin.video.itvplus</addon_id>
<addon_name>[COLOR ffff0000]*ITV*[/COLOR]Plus</addon_name>

<title>tnp.hdplay</title>
<link>https://github.com/thanhnguyenphu/hdplay.kodi/raw/master/zips/repository.thanhnguyenphu</link>
<RegEx>title="repository.thanhnguyenphu-(.+?).zip"</RegEx>
<repo_id>repository.thanhnguyenphu</repo_id>
<repo_name>[COLOR blue][B]ThanhNguyenPhu Repository[/B][/COLOR]</repo_name>
<addon_id>plugin.video.tnp.hdplay</addon_id>
<addon_name>[COLOR blue][B]HDPlay[/B][/COLOR]</addon_name>

<title>tnp.mediashare</title>
<link>https://github.com/thanhnguyenphu/hdplay.kodi/raw/master/zips/repository.thanhnguyenphu</link>
<RegEx>title="repository.thanhnguyenphu-(.+?).zip"</RegEx>
<repo_id>repository.thanhnguyenphu</repo_id>
<repo_name>[COLOR blue][B]ThanhNguyenPhu Repository[/B][/COLOR]</repo_name>
<addon_id>plugin.video.tnp.mediashare</addon_id>
<addon_name>[COLOR blue][B]MediaShare[/B][/COLOR]</addon_name>

<title>tvvn</title>
<link>https://kodi.tv/addon/plugins-video-add-ons/tv-viet-nam</link>
<RegEx>id="plugin.video.tvvn" version="(.+?)"</RegEx>
<repo_id>repository.xbmc.org</repo_id>
<repo_name>Kodi Add-on repository</repo_name>
<addon_id>plugin.video.tvvn</addon_id>
<addon_name>TV Viet Nam</addon_name>

<title>conggiao</title>
<link>https://github.com/AznVN/repository.aznvn/raw/master/repository.aznvn</link>
<RegEx>title="repository.aznvn-(.+?).zip"</RegEx>
<repo_id>repository.aznvn</repo_id>
<repo_name>AznVNRepo</repo_name>
<addon_id>plugin.video.conggiao</addon_id>
<addon_name>[COLOR blue][B]CongGiao[/B][/COLOR]</addon_name>

</addons_info>