<?xml version="1.0" encoding="UTF-8" standalone="yes"?>
<addon id="plugin.video.hieuitgdrive" name="[COLOR lime]HieuITSettings4Gdrive[/COLOR]" version="0.0.1" provider-name="HieuIT">
	<requires>
	</requires>
	<extension point="xbmc.python.pluginsource" library="default.py">
		<provides>video</provides>
	</extension>
	<extension point="xbmc.addon.metadata">
		<summary>HieuIT's settings for gdrive</summary>
		<description>Create HieuIT's settings for gdrive</description>
		<platform>all</platform>
	</extension>
</addon>