<?xml version="1.0" encoding="UTF-8" standalone="yes"?>

<fshare>

<title>[COLOR violet]Nhập tài khoản VIP Fshare vào VietMediaF[/COLOR]</title>
<link>VietMediaF</link>
<mode>2</mode>
<thumbnail>fvmf</thumbnail>

<title>[COLOR lightblue]Nhập tài khoản VIP Fshare vô Xshare[/COLOR]</title>
<link>Xshare</link>
<mode>3</mode>
<thumbnail>fxshare</thumbnail>

<title>[COLOR lime]Nhập tài khoản VIP Fshare vào Xshare tiny[/COLOR]</title>
<link>Xshare tiny</link>
<mode>4</mode>
<thumbnail>fxsharetiny</thumbnail>

</fshare>