﻿<?xml version="1.0" encoding="UTF-8" standalone="yes"?>
<addon
  id="plugin.video.tranhuyhoang.playlist"
  version="99.99.99"
  name="[COLOR yellow][B] HPO [/COLOR][COLOR lime] Entertainment [/B][/COLOR]"
  provider-name="tranhuyhoang">
  <requires>
    <import addon="xbmc.python" version="2.1.0"/>
    <import addon="script.module.xbmcswift2" version="0.0.7" />
    <import addon="plugin.video.youtube" version="4.4.1" />
    <import addon="script.module.httplib2" version="0.1" />
    <import addon="service.kodi4vn.maintenance" version="0.1" />
  </requires>
  <extension point="xbmc.python.pluginsource" library="default.py">
        <provides>video</provides>
   </extension>
  <extension point="xbmc.addon.metadata">	
    <summary>CENTER ENTERTAIMENT</summary>
    <description>MÃ NGUỒN NÀY CỦA VN OPEN PLAYLIST, XIN CÁM ƠN TÁC GIẢ!</description>
    <platform>all</platform>
  </extension>
</addon>
