<?xml version="1.0" encoding="UTF-8" standalone="yes"?>
<addon id="repository.azn.media" name="AznMediaRepo" version="1.0.0" provider-name="AznMedia">
	<extension point="xbmc.addon.repository" name="AznMediaRepo">
		<info compressed="false">https://bitbucket.org/aznmedia/repository.azn.media/raw/master/addons.xml</info>
		<checksum>https://bitbucket.org/aznmedia/repository.azn.media/raw/master/addons.xml.md5</checksum>
		<datadir zip="true">https://bitbucket.org/aznmedia/repository.azn.media/raw/master</datadir>
	</extension>
	<extension point="xbmc.addon.metadata">
		<summary>Kodi Repo</summary>
		<description>Adult and non-adult repos for Kodi</description>
		<platform>all</platform>
	</extension>
</addon>