<?xml version="1.0" encoding="UTF-8" standalone="yes"?>
<addon id="plugin.program.modconfluence18" name="[COLOR lime]Mod Confluence 18[/COLOR]" version="0.0.1" provider-name="ModConfluence18">
	<requires>
	</requires>
	<extension point="xbmc.python.pluginsource" library="default.py">
		<provides>executable</provides>
	</extension>
	<extension point="xbmc.addon.metadata">
		<summary>Mod Confluence 18's Home.xml</summary>
		<description>Mod Confluence 18 by modifying it Home.xml</description>
		<platform>all</platform>
	</extension>
</addon>